id,reactant_smiles,product_smiles,likelihood
0,Br.C.Cl.Cl.F.N.N,Br.C.C.C.F.N.N.O.O,0.81
1,C.C,C.C.C,0.77
2,C.C.C.C.Cl.Cl.N.N,C.Cl.F.O,0.85
3,Br.C.Cl.Cl.F.F.N.N.O,Br.C.F.N.O.O,0.59
4,Br.C.F.N.O,Br.C.N,0.56
5,C.Cl.N,Br.C.F.F.O,0.81
6,Br.C.Cl.O,C.C,0.95
7,C.Cl.Cl.Cl.F.O,Br.Br.C.Cl.F.F.F.O.O,0.53
8,C.C.C.C.O.O.O.O,Br.Br.C.C.F.F.N.O.O.O,0.71
9,C.Cl.Cl,Br.C.Cl.F,0.92
10,C.C.Cl,Br.C.F.O,0.52
11,Br.C.C,Br.C.C.C.Cl.N,0.98
12,C.C.F,Br.Br.Br.C.C.F.F.F.N.N,0.73
13,Br.C.Cl,Br.Br.Br.C.Cl,0.51
14,Br.Br.C.C.C.F.F.O,Br.Br.C.C.Cl.Cl.Cl.N.N,0.54
15,C.Cl.N.N,Br.C.C.N.N.O,0.7
16,C.C,Br.C.C.C.Cl.Cl.F.F.N,0.97
17,Br.Br.C.C.C.Cl.F.F.N.N,C.F.O,0.71
18,C.F,Br.C.F.N.N.N.O,0.63
19,Br.C.C.Cl.F.N.N,Br.Br.Br.C.C,0.9
20,C.C.F,C.Cl,0.92
21,Br.Br.C.Cl.F.F.O.O,Br.C.N,0.65
22,C.Cl.Cl.Cl.Cl.F.N.O.O,Br.Br.Br.C.C.C.Cl.F.O.O,0.98
23,Br.C,C.C.Cl.O.O,0.94
24,Br.C,Br.C.C.F.F.N,0.62
25,C.C.C.C,Br.Br.C.C.F.F.N.O,0.55
26,Br.C.C.N.O,C.N,0.66
27,C.O,C.Cl,0.97
28,Br.Br.Br.C.C.F.N.O.O,C.C.F.F.N,0.8
29,C.C.N,C.O,0.8
30,C.Cl.Cl.F.N.O.O,Br.C.C.F.F.N.O.O.O,0.61
31,C.F.O,C.Cl.Cl.Cl.F.N.O,0.74
32,C.C.C.F.F.N.N.O.O.O,C.F.N.N.N,0.65
33,C.N.N.O,C.C.Cl.Cl.F.N.N,0.82
34,Br.C,Br.C.C.Cl.Cl.Cl.F.F,0.83
35,Br.Br.C.Cl.N,C.Cl.F.F.F.N,0.79
36,Br.C.F,C.N,0.73
37,Br.C.F.N.N,Br.Br.C.C.F.F.N.N.N.O,0.94
38,C.C.C.Cl.N.N.O.O,C.C.Cl.Cl.F.F.N,0.78
39,C.O,C.Cl,0.94
40,C.Cl.Cl.Cl.Cl.F.F,C.O,0.96
41,Br.Br.C.C.Cl.F.F.F.F,Br.C.C.C.N.O,0.72
42,Br.Br.C.C.Cl.F.F.O,C.C.C.Cl.F.N.O,0.97
43,Br.Br.C.N,Br.Br.C.C.Cl.F.N.N.O,0.8
44,C.C.C.C.Cl.N.O,C.Cl,0.91
45,C.C.N.O,Br.C.C.Cl.Cl.F.F.N.N.O,0.67
46,C.Cl.F.F.F.N.O.O,Br.C.Cl.F.F.N.N,0.68
47,Br.Br.C.C.Cl.Cl.F.N.N,Br.Br.C.Cl.Cl.F.F.N.N.N,0.59
48,Br.Br.C.N.O.O,Br.Br.C.C.C.C.C.Cl.F.O,0.87
49,C.C.Cl.F,Br.C.Cl.N.O.O,0.65
50,C.C.C.N.N,C.N.O,0.55
51,Br.Br.Br.C.N,C.Cl.Cl.N.O.O.O,0.62
52,Br.C.Cl,C.Cl.Cl.F.N,0.75
53,C.Cl.F.F.F.N.N.O,Br.C.C.Cl.Cl.F.N.O.O,0.86
54,Br.C.C.F.F.N.O,C.O.O,0.69
55,C.C.C.F.N.N.O.O.O.O,C.C.Cl.Cl.F.N.N.O.O.O,0.77
56,Br.Br.C.C.C.C.Cl.F.O,Br.C.C,0.51
57,Br.C.Cl.F.O,Br.C.C.C.F.O,0.61
58,Br.C.Cl,Br.C.Cl.N.O.O,0.8
59,Br.Br.C.C.Cl.Cl.Cl.N.N,C.F.F.F.N,0.7
60,Br.C.Cl.F.F.N.N.O,C.F,0.69
61,C.C.Cl.Cl.O.O.O,Br.C.C.Cl.Cl.Cl.F.N.O,0.69
62,Br.C.F.F,Br.C.F.O,0.7
63,Br.C.O,C.C.Cl.N.N.N.N.O.O,0.92
64,Br.C.Cl.F.N,C.C,0.99
65,C.Cl.N,C.C.C.Cl.Cl.N.N.N.O,0.6
66,C.Cl,Br.Br.C.Cl.Cl.F.F.N.O.O,0.63
67,C.C.N.O,C.C.C.F.F.N.N,0.99
68,Br.C.C.C.F.F.N.O,C.C.C.C.C.F.F.F.O,0.87
69,C.C.F,Br.Br.C.C.C.Cl.N.O.O,0.77
70,Br.C.C.Cl.Cl.O.O.O.O,C.C.Cl.F.F.F.N.O.O,0.73
71,Br.C.F.N.N.O,Br.C.C.C.F.F.F.N.O.O,0.75
72,Br.C.C.C.C.Cl.F.N.N,Br.C.C.C.Cl.O,0.57
73,Br.Br.Br.C.C.C.F.F.F.O,C.F,0.89
74,Br.Br.C.C.C.C.N,C.C.N,0.5
75,Br.C.N.N.O,Br.C,0.75
76,C.Cl.N.N,Br.Br.C,0.84
77,C.O,C.C.C.F.N.O,0.57
78,C.C.F.N.O.O,Br.C.F.N.O.O,0.64
79,Br.Br.C.C.C.O.O,C.C.Cl.N.O.O,0.82
80,Br.C.Cl.N.N.N,Br.Br.C.C.Cl.Cl.F.F.N.O,0.76
81,C.C.O,C.Cl.N,0.58
82,Br.Br.Br.C.Cl.Cl.F.N.O.O,Br.Br.Br.C.Cl.F.F.N.N.O,0.75
83,Br.C,C.C.C.F.F.N.O.O,0.7
84,Br.Br.Br.C.C.C.C.Cl.F.N,C.C.F.N.N,0.8
85,Br.C.C.Cl.O,Br.C.Cl.F.N,0.97
86,Br.C.N.N.N.O,C.C.F,0.75
87,Br.C.C.C.Cl.N.N.N,C.C.Cl.Cl.F.O.O,0.54
88,Br.C.F.F.F,C.C.Cl.Cl.Cl.N.N.N,0.99
89,Br.C.Cl.Cl.N.N.N.O.O.O,C.C.C.Cl,0.53
90,C.C,C.C.Cl.N,0.73
91,Br.C.Cl,Br.C.Cl.N.O,0.92
92,C.C.Cl,Br.C.C.Cl.F.N,0.84
93,Br.Br.C.C.Cl.N.N.O,Br.C.C.C.C.F.N.O.O,0.61
94,Br.Br.C.C.Cl.F.N.O.O.O,Br.C.C.C.C.Cl.F.N.N,0.83
95,Br.C.C.C.N.O,Br.C.O,0.87
96,Br.Br.C.Cl.F.F.O.O.O,Br.C.C.Cl.Cl.O.O,0.63
97,Br.C.C.O,C.C.F,0.68
98,C.Cl.Cl.Cl.Cl.N.N.O,C.F,0.64
99,Br.C.F.F,Br.C.C.Cl.N,0.68
100,Br.C.C.C.Cl.F.O.O.O,C.C.Cl.Cl.F.N.O.O.O,0.92
101,Br.Br.C.Cl.Cl.N.O.O.O,Br.C.C.C.C.F.N.N.N,0.69
102,C.C.C.Cl.F.N,Br.C.Cl.N,0.91
103,Br.Br.C.Cl.Cl.Cl,C.F.N,0.54
104,Br.C.C.F.N.N,C.C.Cl.Cl.Cl,0.59
105,Br.C.C.C.Cl.Cl.Cl.F,Br.Br.C,0.8
106,C.O,Br.C.F.F.N.O,0.71
107,Br.C.Cl.F.F.N.N.O.O,Br.Br.Br.C.C.Cl.N.N.N.O,0.85
108,Br.Br.C.C.C.Cl.Cl.Cl.F.N,C.C.Cl.F,0.56
109,C.C.O,Br.Br.C.Cl.Cl.N.O.O,0.94
110,Br.Br.C.Cl,Br.C.C.Cl.Cl.F,0.6
111,Br.C.C.C.Cl.F.F.N,Br.Br.C.C.C.Cl.Cl.F.O,0.56
112,C.C.Cl.Cl.F.F.F.N,Br.C.F,0.73
113,Br.Br.C.C.Cl.Cl.N,Br.C.C.Cl.O,0.99
114,Br.Br.Br.C.C.C.Cl.F.O.O,C.C.Cl.F.O.O,0.74
115,C.C.Cl.Cl.F.F,C.F.N.N.N.O,0.71
116,Br.C.C.C.C.Cl.F.F.O.O,C.Cl.Cl.Cl.F.N.O,0.82
117,C.Cl.N,Br.C.C.Cl.F.F.O.O,0.84
118,Br.C.C.C.C.Cl.N,Br.Br.C.F.F.O,0.65
119,C.F.O,Br.Br.C.Cl.F.F.F.N.N.O,0.71
120,Br.C.C.Cl.Cl.N.N.O,C.C.F,0.97
121,C.C.C.Cl.F.N.O.O,C.Cl.Cl.Cl.F.N.N.N.O,0.78
122,Br.Br.C.C.F.N.N.O,C.Cl.F,0.63
123,Br.C.C.C.N.N.O.O,Br.C.Cl.F.F.O.O.O,0.78
124,Br.C.Cl.Cl.N.O,Br.Br.Br.C.Cl.Cl.Cl.N.O.O,0.94
125,C.F.O.O,C.F.N.N.O.O,0.66
126,Br.C.C.N,Br.C.Cl.N.N.O,0.52
127,Br.C.Cl.Cl.F.F.N.N.O,Br.Br.Br.Br.C.C.C.F.O.O,0.99
128,C.N.O,C.C.F.F.N.N.N.N,0.97
129,C.C.C.N,Br.C.C.C.O,0.76
130,C.C.Cl.Cl,Br.C.C.C.Cl.O,0.67
131,C.C.C.Cl.F.F.N.O.O,Br.C.C.F.F.F.N,0.93
132,Br.C.F.O,Br.C.C.Cl.Cl.F.F.O,0.51
133,Br.Br.C.Cl.O,C.C.N,0.57
134,Br.C.C.Cl.F.F.N,C.Cl,0.74
135,Br.Br.C.C.C.Cl.N.N,Br.Br.C.Cl.F.N.N.N.O,0.99
136,C.C.N.O.O,Br.C.C.C,0.96
137,Br.C.C.C.Cl.O,C.C.Cl.F.F.N,0.61
138,C.Cl.Cl.F.N.O.O.O.O.O,Br.Br.C.O.O,0.89
139,Br.C.Cl.Cl.F.F.F.N,Br.Br.C.Cl.F.N.N.N,0.91
140,Br.Br.C.C.Cl.Cl.Cl.F.O.O,Br.C.C.Cl.F.F.N.N.O,0.8
141,Br.Br.C.Cl.F.F.F.F.N.O,Br.C.Cl.Cl.N,0.81
142,C.Cl.F,C.Cl.N,0.68
143,Br.C.Cl,Br.Br.C.Cl.N.N.N.N.O,0.86
144,Br.Br.C.F.O,Br.C.Cl.N.N.N.O,0.93
145,C.C.O,Br.Br.Br.C.C.C.C.F.F,0.92
146,C.F.N.O,C.C.N.O,0.65
147,Br.C.C.F.F.F.F.N.N.O,C.Cl.Cl,0.78
148,Br.Br.C.C.N.O.O.O.O,Br.C.C.F.N.N.O.O,0.75
149,C.Cl.F,C.C.C.C.Cl.N.O,0.76
150,Br.C.C.F.N,Br.Br.C.C.C.C.C.Cl.Cl.O,0.8
151,Br.C.C.C.C.Cl.F.F.F.O,C.F,0.67
152,C.C.F.N.O,Br.C.Cl.N,0.79
153,Br.C.Cl.N.O,C.C.N.O,0.92
154,Br.C.C.C.N,Br.C.Cl,0.79
155,Br.C.C.Cl,C.C.C,0.57
156,C.C.C.F.F.F.F.N.O.O,C.F.N,0.66
157,Br.Br.C.Cl.F.O,Br.C.Cl.Cl.F.F.N.N,0.66
158,C.C.F.F.F.N.O,C.C.C.C.Cl,0.6
159,Br.Br.C.C.N.O,C.C.F,0.76
160,Br.C.Cl,C.Cl.F.N.N.N.O,0.84
161,Br.C.F.F,C.C.F.F.O,0.82
162,Br.C.F.N,C.C.Cl,0.9
163,Br.Br.Br.C.C.Cl.F.N,C.F,0.85
164,C.C.Cl.Cl,Br.Br.Br.C.C.Cl.Cl.N.N,0.92
165,C.C.F,Br.Br.C.C.Cl.Cl.N.N.O,0.73
166,C.C,Br.C.C.F,0.99
167,C.C.F,Br.C.C.F.N,0.7
168,C.F.O,Br.Br.Br.C.Cl.N.N,0.51
169,C.Cl.Cl.Cl.F.F.F.N.O.O,C.N,0.89
170,Br.Br.C.Cl.Cl.N.O,Br.C.Cl.Cl,0.99
171,C.F,C.C.C.Cl.F.N.O.O,0.78
172,C.C.C.Cl.Cl.F.F.F.F.N,C.C.Cl.O.O,0.74
173,Br.Br.C.C.O,C.C.C.C.C.F.N.O,0.57
174,C.O.O,Br.C.O,0.87
175,Br.Br.Br.C.C.F.N.N.O,Br.C.C.Cl.F.N.N.O.O,0.53
176,Br.C.Cl.Cl.F.F.N.N.N.N,C.C.Cl.O.O,0.59
177,Br.Br.C.C.Cl.F.F.F.F,C.C.C,0.92
178,Br.C.C.Cl.F.N.N,Br.C.C.C.C.O.O,0.61
179,Br.C,C.N,0.66
180,Br.Br.C.F.N.O,Br.Br.C.C.C.Cl.Cl.N.O.O,0.77
181,Br.C.C.F.F.F,Br.C.C.F.N.N.O,0.76
182,C.C.F,C.C.C.Cl.Cl.F,0.82
183,Br.Br.C.C.C.Cl.F.F.N.N,C.Cl,0.7
184,Br.C.C.C.F.F.N.O.O.O,C.F.O,0.51
185,Br.Br.C.F,Br.Br.C.Cl.Cl.N.N.N.O,0.87
186,Br.C.F.N,Br.C.Cl.N.O,0.66
187,Br.C.N.O.O,Br.Br.C.Cl.N.O.O,0.82
188,C.C.C.Cl.N.O.O.O.O,Br.Br.Br.C.C.C.N.N,0.52
189,C.C.Cl.F.N.N.O,Br.Br.C.C,0.98
190,Br.Br.Br.Br.C.C.C.F.N,Br.C.Cl.F.F.F.O,0.8
191,Br.C.C.O,Br.C.C.Cl.N.N.O,0.71
192,Br.Br.C.Cl.Cl.F.O,Br.C.C.C.Cl.Cl.Cl.F.O.O,0.96
193,Br.C.C.Cl.N.N.N.N.O,C.C.C.Cl.Cl.F.N.O.O,0.53
194,Br.C.C,C.O,0.82
195,Br.C.C.C.N,C.C,0.74
196,Br.Br.C.C.Cl.Cl.F.F.F.F,C.C.Cl.Cl.N.N.O,0.69
197,Br.Br.C.C.C.Cl.F.F.N.O,Br.C.C.Cl.Cl.F.F.F.N.N,0.95
198,Br.Br.Br.C.C.Cl.Cl.F,Br.C.Cl.N.N.O,0.54
199,C.F.N.N.N.O.O,Br.Br.C.C.F.F.N.N.N.O,0.87
200,Br.Br.C.Cl.F.F.N.N,Br.Br.C.C.N,0.73
201,Br.Br.C.C.Cl.Cl.N.O.O.O,Br.C.Cl.Cl.F.F.N.N.N.N,0.74
202,Br.Br.Br.C.Cl.Cl.F.N.O,Br.C.C.Cl.F.F.F,0.53
203,C.F.N.O,Br.C.Cl.N.O,0.63
204,Br.C.C.C.Cl.Cl.F.O,C.C.Cl.Cl.F.F.F.N,0.69
205,Br.C.C.C.Cl.Cl.Cl.F.N,Br.Br.C.N,0.68
206,C.F.N.N,C.C.C.Cl.Cl.F.F.N.O,0.75
207,Br.C,Br.Br.C.C.Cl.F.F.N,0.62
208,C.C.N,Br.C.F.N.O.O,0.62
209,C.C.Cl.N.O,Br.C.C.O,0.86
210,C.C.C.C.C.N.O.O.O,Br.Br.C.Cl.Cl.Cl.N,0.64
211,Br.C.Cl.F.O,Br.C.Cl.Cl.F.N.O,0.82
212,C.Cl.N,C.C.N.N.O.O,0.65
213,C.N.N.O,C.Cl,0.68
214,Br.C.Cl.Cl.Cl.Cl.O.O.O,C.N.N.O,0.62
215,C.Cl.Cl.F.F.N.N,C.C.C.F.N,0.65
216,C.C,C.F.O,0.83
217,Br.C.Cl.F.O,C.O,0.99
218,C.Cl.Cl.F,C.C.C.Cl.O.O,0.81
219,C.F.O.O.O,Br.Br.C.O.O,0.53
220,Br.Br.C.C.Cl.F.N.N.O.O,Br.Br.C.Cl.Cl.F.N.N,0.89
221,C.C.Cl.F.F.N,C.N.N,0.59
222,Br.C.C.N.N.N,Br.Br.C.C.Cl.F.F.N.O.O,0.8
223,C.Cl.F.N.N.N.O.O,Br.C.C.F.O,0.79
224,Br.C.F.N.O,Br.Br.C.C.C.Cl.Cl.F.O.O,0.96
225,C.Cl,C.C.C.C.Cl.Cl.F.O.O,0.64
226,C.Cl.Cl.F.N.N.O,C.Cl.N.N,0.87
227,C.N,C.C.Cl.Cl.F.F.F.F.F.N,0.97
228,Br.C.C.C.F.F.N.O.O,Br.C.Cl.Cl.Cl.F.O,0.54
229,Br.C.C.C.Cl.O.O.O,C.C.Cl.F,0.9
230,C.Cl.F,Br.Br.C.Cl.O,0.76
231,Br.Br.C.C.Cl.Cl.F.N.N.O,C.C.Cl.Cl.N,0.87
232,Br.Br.C.Cl.Cl.F.N.N,Br.C.C.Cl.N.O.O,0.88
233,Br.C,C.C.C.Cl.Cl.F.N.N.O.O,0.8
234,C.C.O,Br.C.C.C.C.Cl.Cl.F.N,0.91
235,Br.Br.C.C.F.F.N.N.O.O,C.F.O,0.88
236,Br.Br.C.C.N.N.N.N.O,Br.C.C.C.C.F.N.N.O,0.69
237,Br.C.C.C.Cl.Cl.F.O,C.C.O.O,0.84
238,C.Cl.F.F.N.N.O,Br.C.C.F.N.N.O.O,0.5
239,Br.C.Cl.Cl.Cl.F.F.O.O,C.C.C.Cl.N.O,0.67
240,Br.Br.C.C.Cl.F.F.N.O,C.Cl,0.69
241,Br.C.F,C.Cl,0.63
242,Br.Br.Br.Br.Br.C.Cl.F.O,C.N.N.N.O.O.O,0.85
243,Br.C.Cl.F.N.O,Br.C.C.F,0.97
244,C.C.C.C.N.N.N.O.O,Br.Br.C.F.N.O.O,0.94
245,C.F,C.O,0.62
246,C.N.N.O,C.N,0.92
247,Br.Br.C.C.C.Cl.F.F.N.N,Br.Br.Br.C.C.Cl.N.N.O.O,0.9
248,Br.C.C.C.F,C.Cl.F.F.F.N.N,0.81
249,C.C.Cl,Br.Br.Br.C.Cl.Cl.Cl.F.N.N,0.51
250,C.N,C.Cl.Cl.F.F,0.87
251,C.Cl.N.O,C.Cl.N.N.N.N.O,0.99
252,C.C.C.C.Cl.Cl.F.N.O,C.Cl.O,0.94
253,Br.C,C.C.Cl.Cl.F.F.O.O.O,0.56
254,Br.C.C.Cl.O,Br.C.Cl.F.O.O,0.95
255,Br.C.C.C.Cl.F.F.F.N,C.C.Cl.Cl.Cl.Cl.F.F.N.N,0.52
256,Br.C.O,Br.C.C.Cl.Cl.F.F.N.N,0.85
257,C.C.F.F.N,C.C.O.O,0.52
258,Br.Br.Br.C.C.C.O.O.O,C.F,0.63
259,C.Cl.F.F.N.N,Br.C.F.N.O,0.83
260,C.Cl.N.O.O,C.N,0.62
261,C.C.C.Cl.F.N,Br.Br.Br.C.C.C.F.F.O,0.57
262,Br.Br.C.C.C.Cl.Cl,Br.C.Cl.Cl.Cl.F.O.O,0.56
263,Br.C.Cl.Cl.F.N,C.C.F.F.O,0.66
264,Br.Br.Br.C.N.N,Br.C.C.Cl.O,0.85
265,Br.C.C.C.C.C.Cl.F.N,Br.Br.C.C.C.Cl.F.F,0.52
266,Br.Br.Br.C.Cl.F.N.O.O,Br.C.Cl.F.N.O,0.79
267,C.C.Cl.Cl.Cl.Cl.N.N.O.O,Br.C.C.F.F.N,0.64
268,C.O,Br.Br.C.C.Cl.Cl.N.N.O.O,0.91
269,C.F,C.C.C.C.F,0.71
270,C.O.O,C.C.F.N.O.O,0.99
271,Br.Br.Br.C.C.N.O,Br.Br.Br.Br.C.C.Cl.F.N,0.62
272,C.C.C.F.O,C.F,0.75
273,C.C.N,C.O,0.57
274,C.F.F,Br.Br.C.Cl.Cl.Cl.F.F.N.O,0.58
275,C.C.F.F.N,C.C.C.F.N,0.77
276,Br.Br.C.C.Cl.F,Br.C,0.52
277,Br.C.N.N,C.C.N.N.N.N.N,0.73
278,C.C.C.C,Br.Br.C.C.N.N.O.O.O.O,0.8
279,Br.Br.Br.Br.C.F.N.O.O,C.C.Cl.Cl.Cl.F.O,0.77
280,C.C.N.O,C.C.C.Cl.Cl.F.O.O.O,0.66
281,Br.C.Cl.Cl.F.N.O,C.Cl.Cl.F,0.61
282,C.C.Cl.N.O,C.F.N,0.65
283,Br.C.C.F.F.N,Br.C.O,0.94
284,C.C.C.O.O,C.C.Cl.Cl.Cl.Cl,0.72
285,C.N.N,Br.C.C,0.67
286,C.C.N,Br.C.C.F.O,0.56
287,C.C.F.F.O.O.O,Br.C.C.Cl.F.O,0.63
288,C.C.Cl.Cl.Cl.Cl.F.N.N.O,C.Cl.O,0.73
289,C.F,C.C.C.F.N.O,0.7
290,Br.C.Cl.F.O,Br.C,0.77
291,C.F.N.O,Br.C.C.Cl.F.N.O,0.93
292,Br.C.C.F.F.N.O.O.O.O,Br.C.F.N.O,0.57
293,Br.C.C.C.Cl.N.N.O,C.C.F.F,0.61
294,Br.C.N.O.O.O.O,Br.C.F.O.O,0.88
295,Br.Br.C.Cl.N.O,Br.Br.Br.C.C.Cl.Cl.F.O,0.59
296,C.C.F.O,C.Cl.Cl.Cl.F.N.N.N.N.O,0.87
297,C.C.Cl.F.N,C.C.F.N.O.O,0.97
298,C.F.F.N.N.N,Br.C.C.C.Cl.Cl.F.F.N,0.93
299,Br.Br.C.O,C.Cl.Cl.F.F.N.N.N.O,0.89
300,C.C.Cl,Br.C,0.86
301,C.C.F.N.O,C.Cl.Cl.N.O,0.97
302,Br.C.C.Cl.F.F.N,Br.C.C.F.N.O.O,0.87
303,Br.Br.C.C.C.C.N.N,C.C.O,0.93
304,Br.C.C.Cl.N,C.F,0.63
305,Br.Br.C.Cl.Cl.Cl.F.F.O.O,Br.C.Cl.Cl.F.F.O,0.59
306,Br.C.C.F.N.O.O.O,Br.Br.Br.Br.Br.C.C.C.F.O,0.6
307,Br.C.Cl.Cl.F.N.O,Br.C.C.C.C.Cl.F.F.N,0.89
308,C.C.C.Cl.F.N.O.O.O,C.F,0.59
309,Br.C.C.Cl.Cl.F.F.N.O.O,Br.C.C.Cl.O.O,0.62
310,C.C,C.C.Cl.F.O,0.82
311,Br.C.Cl.Cl.F.F.N.N.N.O,C.C.Cl.Cl.F.F.N.N,0.63
312,C.C.C.Cl.Cl.Cl.F.N.N.O,Br.C.C.F.F.F.N.N.O.O,0.53
313,C.Cl.F,Br.C.C.C.Cl.F.N.N.N,0.51
314,Br.C.F.F.N.N.O.O,Br.Br.C.C.C.Cl.F.F.O.O,0.66
315,Br.C.C.C.F.F.N,C.C.F.N.O,0.73
316,C.C.Cl.F.F,Br.Br.C.F.N,0.73
317,Br.C.C.Cl.F.F.O,Br.Br.C.C.C.C.Cl.N.N.N,0.75
318,C.O,C.C.C.Cl.F.N.O,0.74
319,C.C.Cl,Br.Br.C.C.F.F.F.N.O.O,0.79
320,Br.C.C.F.N,Br.C.Cl.F.F.N.O.O,0.79
321,Br.C.Cl.Cl.F.N.N.N.O.O,C.C.Cl.Cl.F.F.N.O,0.7
322,C.F.F.F.N.N.O,Br.Br.Br.Br.C.Cl.F.N,0.98
323,C.F,Br.C.C.Cl.N,0.88
324,Br.C.N.O.O,Br.C.Cl.N.O,0.99
325,Br.C.C.Cl.Cl.Cl.Cl.N.O,C.C.F,0.62
326,Br.C.F,Br.C.C.Cl.Cl.Cl.F.O,0.64
327,Br.C.Cl.F.F.F.N,C.F,0.61
328,C.C.Cl.O,C.C.Cl,0.69
329,C.F.N.N,Br.Br.C.C.Cl.F.N.N,0.66
330,Br.C.C.C.C.Cl.Cl.F,Br.C.C.C.F.N.N.N.N,0.56
331,Br.C.C.Cl.F.N.N.N,Br.Br.C.C.C.C.Cl.N.N,0.99
332,Br.C.C.C.Cl.F.N.N.N.O,Br.C.O.O,0.86
333,C.Cl.Cl.Cl.F.O,Br.C.C.N,0.85
334,Br.Br.C.C.C.Cl.Cl.F.F.O,C.Cl.Cl,0.69
335,Br.C.C.F.F.N,C.Cl,0.94
336,C.F.O,C.Cl.Cl.Cl.F.F.N,0.74
337,Br.C,Br.Br.Br.C.C.Cl.F.F.O,0.57
338,Br.C.C.Cl.F.F.N.O,Br.C,0.89
339,Br.C.N.N,C.C.Cl.F.F.F.N.N,0.63
340,Br.Br.C.C.Cl.F.N.O.O,Br.Br.C.C.C.N.O,0.55
341,C.N,C.Cl.Cl.F.N.O,0.65
342,Br.C.C.Cl.F.F.N.O.O.O,C.C,0.92
343,C.C.Cl.F.N.N.O,C.Cl.Cl.Cl.N.N.N.O,0.78
344,Br.C.O,C.C.C.F.F.F.F.N,0.57
345,Br.C.N.N.O.O.O,Br.C.C.C.C.Cl.Cl.Cl.O.O,0.88
346,C.N,C.F,0.75
347,C.C.C.Cl.Cl.F,Br.C.C.C.F.F.N.N.O,0.68
348,Br.Br.C.Cl.Cl.N.N.O,Br.Br.C.N.O,0.56
349,C.N,C.F,0.55
350,Br.C.C.C.F.N.N.N.O.O,C.O,0.56
351,Br.Br.C.C.N,Br.C.C.C.Cl.N.O.O.O,0.56
352,Br.C.C.C.Cl.F.N.N.O,C.Cl.F.N.N,0.57
353,C.C,Br.C.C.C.Cl.F.N.N.O,0.72
354,C.C.C.Cl.Cl.F.F,Br.Br.Br.C.Cl.F.F.F,0.74
355,C.C.Cl.F,Br.Br.Br.C.Cl.F.N.N.O.O,0.72
356,C.Cl.F,C.C.Cl.F.O,0.78
357,Br.C.F.N.N.N.O,C.N,0.78
358,Br.Br.Br.C.C.C.C.F.N.O,Br.C.C.C.C.C.Cl.F.F.O,0.84
359,Br.Br.C.C.C.C.C.F.N.N,Br.Br.C.C.C.Cl.Cl.F.N.O,0.99
360,C.Cl.O,C.C.C.Cl.F.F.F.N.O,0.53
361,Br.Br.C.F.N,C.F,0.92
362,Br.Br.C.Cl.Cl.N.O,Br.C.N,0.55
363,C.Cl.Cl.F.F.N.O,Br.C.C,0.87
364,Br.C.Cl,C.C.C.F,0.76
365,Br.C.Cl,C.Cl.O,0.93
366,C.C.F.F.N,Br.C,0.81
367,Br.Br.C.C.F.F.N.O,Br.C.C.Cl.N.N.N.O.O,0.52
368,Br.C.C.Cl.F.N,C.Cl.N,0.52
369,C.C.Cl.Cl.N.N.N,C.C.Cl,0.91
370,Br.C.C.C.C.F.O,Br.Br.C.Cl.N,0.95
371,C.C.Cl.Cl.Cl.F.N.O,C.Cl.F.O,0.71
372,Br.Br.C.C.Cl.F.F.O.O,Br.Br.C.Cl.N,0.92
373,C.C.Cl.Cl,C.Cl.F.N.N,0.84
374,Br.C.C.F.F.N.O.O.O,Br.C.C.C.F.O.O,0.99
375,C.C.Cl.F,C.C.Cl,0.82
376,C.Cl.Cl.Cl.Cl.F.F,C.C.Cl,0.92
377,C.F.F.F.O,C.C.F.N,0.83
378,C.C.Cl.Cl.N.N.O,C.Cl.Cl.O,0.79
379,Br.C.N.O.O,Br.Br.C.Cl.F.F.F.N.O,0.87
380,C.O,Br.C.C.C.C.Cl.O.O,0.86
381,Br.C.Cl.O,Br.C.Cl.Cl.Cl.F.N.N.O,0.5
382,Br.Br.Br.C.C.C.Cl.F.N,Br.C.Cl.N,0.8
383,C.C,C.C.C.C.Cl.F.N.O,0.99
384,C.C.F.N.N.O.O,C.C.Cl.N,0.79
385,C.C.Cl.F.N.N.O,Br.Br.C.Cl.Cl.Cl.Cl.O.O.O,0.77
386,C.F.N,Br.Br.C.Cl.Cl.F,0.84
387,C.C.C,Br.Br.C.C.Cl.F.F.N,0.58
388,C.C,Br.Br.C.C.F.F.O.O.O.O,0.9
389,C.Cl.F.F,C.Cl.N.O,0.69
390,C.C.C.C.F.F.N.N.O,Br.C.Cl.F.F.N.O.O.O.O,0.99
391,Br.C.Cl,C.C.Cl.F.F,1.0
392,Br.C.C.C.Cl.F.F.O.O,C.C,0.81
393,Br.C.Cl.F.F.F.F.O.O.O,Br.Br.C.C.C.F.F.F.N,0.53
394,C.Cl.F,Br.C.C.C,0.52
395,C.Cl.Cl.F.N.N,C.C.C.F.F.F.O,0.65
396,Br.Br.C.C.C.F.N.O.O.O,Br.C.Cl.Cl.N.N.O.O,0.78
397,Br.C.C.C.F.N.O,Br.C.Cl,0.82
398,C.C.Cl.F.F.F.O,C.C.N.O,0.57
399,C.C,Br.Br.C.C.C.F.F.O,0.95
400,Br.C.F.F.O.O,Br.C.Cl.Cl.F.F.N,0.83
401,Br.C.C.C.O,Br.C,0.69
402,C.Cl.N.O,Br.C.C.C.O,0.54
403,C.Cl.Cl.Cl.O.O.O.O,Br.C.C.C.C.Cl.Cl.Cl.O,0.84
404,C.C.Cl.F.F,C.F,0.53
405,C.Cl.F.F.N.N.O.O.O,C.Cl.Cl.O,0.84
406,Br.C.F.F.N.N,Br.Br.Br.C.C.Cl.F.N.N.O,0.57
407,Br.Br.Br.C.C.Cl.F.O,Br.C.Cl.N.O,0.83
408,Br.Br.C.Cl.Cl.F.F.N.O,Br.C.Cl.Cl.F.O.O,0.55
409,C.F.N.N,C.C.F.O.O,0.51
410,Br.C.F.F.F.N,C.N,0.67
411,C.F,Br.C.Cl.F,0.77
412,Br.C,Br.Br.C.C.Cl.Cl.F.O.O.O,0.66
413,C.C.C.C.F,Br.C.Cl.F.N.N.O,0.55
414,C.C.C.Cl.Cl.F.F.F.N.N,Br.C.C.F.F.O.O,0.64
415,C.Cl.F.F.N.N.N.N.O.O,Br.C.C.Cl.F.N.N.O,0.69
416,Br.Br.C.Cl.Cl.Cl.F.N.O.O,Br.Br.Br.C.Cl.N.N.O.O,0.57
417,Br.Br.Br.C.N.N,C.C.Cl.Cl.Cl.F.F.N.N,0.96
418,C.C.C.F.N,Br.C.C.Cl.F.F.F.F.O,0.58
419,C.N,Br.C.C.Cl.F.O,0.76
420,C.C.Cl.F.N,C.C.Cl.F.N,0.72
421,Br.C.C.Cl.Cl.F.F.N.N.N,Br.C.C.C.C.F.N.O.O.O,0.73
422,Br.Br.C.C.F.O.O.O.O,Br.Br.C.F.F.N.N.O.O,0.91
423,C.C.C.C.C.C.C.Cl.Cl.F,C.C.O,0.96
424,C.C.C.C.C.Cl.F.F.F.N,Br.C.C.Cl.F.N.O.O.O.O,0.83
425,Br.Br.Br.Br.C.C.Cl.Cl.O,C.N.N,0.71
426,Br.Br.Br.C.C.Cl.Cl.Cl.O.O,Br.Br.Br.C.C.Cl.Cl.F.N,0.86
427,Br.Br.C.Cl.O,Br.Br.C.N.N,0.79
428,Br.C.C.C.C.C.Cl.N.O.O,Br.C.F.O,0.7
429,Br.Br.C.C.F.F.N,C.F.N.O,0.83
430,Br.Br.C.Cl.N,C.C.N,0.7
431,Br.C.C.Cl.N.O.O.O,Br.Br.C.C.F.N.N,0.73
432,Br.Br.Br.C.C.C.F.O.O.O,C.F.F.N.N.O.O,0.96
433,Br.C.C.Cl.Cl.N,C.C.Cl.Cl.N,0.86
434,Br.C.C.C.C.Cl.Cl.O.O.O,Br.C.O.O,1.0
435,Br.C.Cl.N.N.O.O.O,C.Cl.N.O,0.64
436,C.Cl.N,Br.C,0.97
437,Br.Br.Br.C.C.C.Cl.F.N,Br.C.C.F.N.N.N.O.O,0.61
438,Br.C.C.C.C.Cl.F.F.N.O,C.C.C.F.F.N.O.O.O,0.53
439,C.C.F.O,Br.C.C.C.Cl.Cl.F.O.O,0.59
440,C.C.F.N.N.O.O.O,C.F.O,1.0
441,Br.C.C.Cl.Cl.N,Br.C.Cl.N,0.96
442,C.C.C.Cl.F.F.F.N,Br.C.F,0.85
443,Br.Br.C.C.Cl.Cl.F.F.N.O,Br.Br.C.Cl.N.O.O,0.64
444,C.O.O,C.C.Cl.N.N.N.O,0.68
445,Br.C.C.F.F.N.N.O,Br.C.C.Cl.N.N.N.O,0.69
446,C.C.C.C.Cl.Cl.N.N,C.F.F.F.N,0.53
447,Br.C.C.C.Cl.F.F.N.O.O,Br.C.N.N.O,0.69
448,Br.C.C.C.Cl.F.O,Br.C.F,0.99
449,C.Cl,C.Cl.Cl.N.N.O,0.81
450,Br.Br.C.Cl.F.F.F.N.O,Br.Br.C.C.Cl.F.N.O.O,0.82
451,C.C.Cl.N.N,C.Cl.F,0.73
452,C.Cl.Cl.O.O,C.F.O.O,0.63
453,C.C.Cl.F.F.N,C.N.O,0.94
454,Br.C.C.C.Cl.N.N.O.O,C.F,0.71
455,Br.C.C.C.C.Cl.F.F.N,C.C.N.O,0.99
456,C.C.O.O,Br.C.O,0.53
457,Br.Br.Br.C.C.Cl.Cl.N.O,Br.C.C.Cl.F.F.F.O,0.58
458,Br.C.C.Cl.F.F.O,C.C.Cl.Cl.N.O,0.69
459,C.C.C.Cl,Br.Br.C,0.65
460,Br.Br.C.N,Br.Br.C.Cl.O,0.53
461,Br.C.C.Cl.F.F.N,C.C.F.N.N.N.O,0.8
462,Br.C.C.Cl,Br.C.C.C.Cl.Cl.N.N.O,0.6
463,C.C.Cl.Cl.Cl.F,Br.C.Cl.N.N.N.N.N.O,0.8
464,Br.C.C.C.C.Cl.Cl.N,Br.C.C.C.Cl.F.O.O.O,0.97
465,Br.Br.C.O,Br.Br.C.C.C.Cl.Cl,0.6
466,Br.C.C.C.C.C.Cl.Cl.F.O,Br.C.C.Cl.F.N.N.O.O,0.68
467,Br.C.N,C.C.Cl.F,0.67
468,C.Cl.Cl.N.N.N,C.Cl.Cl.F.F,0.88
469,Br.C.Cl.Cl.Cl.N.O.O.O,C.C.C.Cl.F.N.N.O,0.63
470,Br.C.Cl,Br.Br.C.C.Cl.N.N.N.O.O,0.51
471,Br.C.C.Cl.F.F.N.N.N,Br.C.C.Cl.F.F.F.N.N,0.53
472,C.Cl.Cl.F.N.O,C.C,0.88
473,Br.C.F.O.O,Br.C.Cl.Cl.Cl.F.F.N.O.O,0.68
474,C.F.F.O,Br.Br.Br.C.C.C.C.C.O,0.98
475,Br.C.Cl.Cl.N,Br.C.C.F.O,0.53
476,C.C.Cl.F.F.N,Br.C.C.N,0.68
477,Br.C.C.Cl.Cl.N.O.O.O,Br.C.N.N.O,0.74
478,Br.Br.C.C.C.Cl.Cl.O,Br.C.C.Cl.O,0.58
479,C.O,Br.Br.C.Cl.Cl.N.O.O.O.O,0.77
480,C.O,Br.C.F.N.O,0.9
481,Br.Br.C.C.Cl.Cl.Cl.F.N.N,Br.C,0.87
482,C.F.F.N.N.O.O,Br.Br.C.Cl.F.N.O.O.O,0.59
483,Br.Br.C.C.C.C.Cl.F.N.O,Br.C.C.C.Cl.Cl.F.O.O,0.88
484,C.C.F,C.C.F.N,0.99
485,Br.C.C.O,Br.C.C.C.C.C.F.F.O.O,0.72
486,Br.C.C.F.N.N.O,C.F,0.69
487,C.Cl,C.C.Cl.F.N.N.N,0.62
488,Br.Br.C.C.Cl.N,Br.C.F.N.O,0.89
489,C.Cl.F,C.C.F.N,0.54
490,C.F.N.O.O.O,Br.C.Cl,0.67
491,Br.Br.C.N.O,C.C.Cl.F.N.N.N.O.O.O,0.83
492,Br.C.C.C.F.F.F.N.O.O,C.Cl,0.79
493,C.C.F.N,Br.Br.C.F,0.79
494,C.F.O,C.Cl.F,0.85
495,Br.C,C.N,0.9
496,Br.C.C.Cl.Cl.F.F.N.O.O,Br.Br.C.Cl.Cl.F.F,0.97
497,Br.Br.C.C.F.O.O,C.C.Cl.Cl.F.F.O,0.82
498,C.C,Br.Br.C.C.C.Cl.Cl.F.O.O,0.6
499,Br.C.F.F.O,C.C,0.88
500,C.C.Cl,C.F.F.F.N.N.O.O,0.66
501,C.Cl.N.O,C.C.C.Cl.F.N.O.O,0.54
502,C.C.Cl.F.N.O,Br.C.C.C.C.Cl.F.N.O,0.9
503,Br.C.Cl.F.N.O,C.N.N.N.N,0.67
504,Br.C.C.Cl.Cl.F.F.O.O,C.Cl.O,0.65
505,C.C.Cl.Cl.O.O.O.O,Br.C.C.C.C.Cl.Cl.Cl.F.O,0.65
506,C.O,C.Cl.F.N,0.98
507,C.N,C.Cl.F,0.69
508,C.F.F.N,Br.C.C.C.N.O.O,0.62
509,Br.C.Cl.O,Br.C.Cl.F.F.F.N.N,0.71
510,Br.C.C,C.O,0.56
511,C.Cl.Cl.N.N.N.O,C.C.O,0.84
512,Br.Br.C,C.O.O.O,0.95
513,Br.Br.Br.C.F.F.N.O,C.Cl.Cl,0.9
514,Br.Br.C,C.C.Cl.N.O,0.99
515,Br.C.Cl.Cl.F.F,C.Cl.Cl.O.O,0.86
516,C.Cl.F.O,Br.C.C.N,0.6
517,Br.C.C.C.Cl.F.N.O,Br.C.Cl.Cl.Cl.F.O.O,0.62
518,C.F.F.N.O.O,C.Cl,0.57
519,Br.C.C.F.F.N.N,C.C,0.78
520,C.F,Br.C.C.C.Cl.Cl.F,0.74
521,C.C.Cl.Cl.Cl.N,C.C.N,0.84
522,C.C.Cl.Cl.F,Br.Br.C.C.C.O.O.O.O,0.7
523,C.C.C.Cl.F.F,Br.Br.Br.Br.C.C.Cl.F.F.O,0.57
524,C.Cl.Cl.F.F.N.O,Br.C,0.89
525,Br.Br.C.C.F.F.N.N.O.O,Br.C.C.Cl.F.N,0.71
526,Br.Br.C.C.C.C.Cl.O.O,C.C,0.6
527,C.C.N.N,C.C.C.C.Cl.F.F.N.N.O,0.74
528,Br.Br.C.C.Cl.Cl,C.C,0.85
529,Br.C.F.N.N,Br.Br.C.C.C.Cl.F.N.O,0.67
530,Br.C.C.C.Cl.O.O,Br.Br.C.Cl.Cl.O,0.81
531,Br.C.C.N,Br.Br.C.C.C.Cl.O.O.O.O,0.94
532,C.C.Cl.F.F.O.O,Br.Br.Br.C.C.C.Cl.Cl.F.F,0.7
533,Br.C.Cl.N.O,Br.C.C.F,0.69
534,C.Cl.N.N,Br.C.C.C.C.Cl.Cl.N.O.O,0.65
535,Br.Br.Br.C.F,C.C.F.F.N.O.O.O.O,0.5
536,C.Cl.F.O.O,C.C.F,0.9
537,C.C.Cl.Cl.Cl.Cl.F,Br.C.C.Cl.F.F.N.N.O.O,0.56
538,Br.C.C.Cl.N.O.O,Br.C.Cl.Cl,0.62
539,C.Cl.Cl.Cl.F.N.N,C.C,0.91
540,C.N,C.Cl.Cl.Cl.Cl.N,0.63
541,Br.Br.Br.C.C.C.F.N,Br.C.Cl.Cl.Cl.F.N.N,0.57
542,C.F,C.C.C.F.F.N.N,0.98
543,C.C.F.F,Br.C.C.Cl,0.79
544,Br.C.N.O.O,C.C.Cl.F.N.O,0.69
545,Br.Br.C.C.Cl.Cl.N.N.O,Br.C.C.F.F.F.N.N.N.O,1.0
546,C.O,Br.C.C.C.F,0.6
547,C.C.F.F.O,C.C.N.N,0.83
548,C.C.N.O,C.C.C.F.N.O.O.O,0.93
549,Br.Br.C.C.C.C.O,Br.C,0.78
550,C.F.F.N.O,C.F.N.O.O,0.57
551,Br.C.C.Cl.O.O,Br.C.C.Cl.F.O,0.6
552,Br.Br.Br.C.C.C.F.O.O,C.C.Cl.F.O,1.0
553,C.Cl.F,C.C.N.N,0.96
554,Br.Br.C.C.N,Br.C.C.Cl.Cl.F.F.F.N,0.99
555,C.C.C.C.F.N.N.O,Br.C.O,0.96
556,Br.Br.C.C.F.N.N.O,Br.C.C.Cl.F.N.N.O.O,0.8
557,Br.C.Cl.Cl.O,Br.C.Cl.F.F.O.O,0.64
558,C.Cl.N.N,Br.Br.C.C.Cl,0.55
559,Br.Br.C.Cl.N,C.Cl.F,0.99
560,Br.C,C.F,0.99
561,Br.C.Cl.F.F.N.O.O,Br.C,0.89
562,C.C.F,Br.C.F.F.N,0.71
563,C.Cl.F.N.O,Br.Br.C.C.F.N.O.O,0.64
564,C.C.Cl.Cl.F.N.O,Br.Br.Br.Br.C.Cl.N.O,0.51
565,Br.C.C.F.F.O.O.O,C.C.C.Cl.F.N,0.75
566,C.C.C.Cl.F.N.O,C.N.O,0.65
567,Br.Br.Br.C.Cl.Cl.O.O,C.Cl.O.O,0.88
568,C.C.C.F,Br.Br.C.F,0.53
569,Br.C.C.Cl.Cl.Cl.F.N.N.N,C.Cl.F,0.66
570,Br.C.C.Cl.N.O.O.O,C.C.F,0.51
571,Br.C.C.Cl.F.F.N,Br.C.C.Cl.O.O,0.84
572,Br.C.C.C.Cl.N.N.N,Br.C.F.F.F.F.F.N.N.O,0.71
573,Br.Br.C.C.C.C.Cl.Cl.F.F,Br.C.N,0.58
574,C.C.Cl.Cl.N.O.O,Br.Br.Br.C.Cl.Cl.F.F.F.N,0.94
575,Br.Br.C.C.Cl.F.O.O.O.O,Br.C.C.F.F.F.N.N,0.73
576,Br.C.Cl.Cl.O,Br.C.C.Cl.F.N.O.O.O,0.58
577,Br.Br.Br.C.N.N,C.N,0.62
578,C.C.F.F.N.O.O.O.O,C.C.F,0.62
579,C.N,Br.Br.C.C.Cl.N.N.N,0.67
580,Br.C.C.Cl.F.F.N.N.N,Br.Br.C.C.Cl.N.N.O.O,0.92
581,C.N.O.O,Br.C.C.Cl.F.F.F.N.N.O,0.75
582,C.C.F.F.N.N,C.C.C.Cl.N.N.N.N.O,0.83
583,Br.Br.C.C.C.F.N.O,Br.Br.Br.C.C.C.C.Cl.N,0.9
584,C.N.O,C.C.F.F.F.N.N.O.O.O,0.63
585,Br.C.C.Cl.N.N.N.O.O,Br.Br.C.C.C.Cl.F.O,0.63
586,Br.C.C,C.Cl.Cl.O,0.53
587,C.F.N,C.C.O,0.66
588,Br.C.C.C.Cl.Cl.F.N,C.C.C.N,0.52
589,Br.C.C.C.C.F.N.O.O.O,C.C.Cl.F.F.F.O.O,0.77
590,C.Cl.F.N,Br.Br.Br.Br.C.C.C.C.N.O,0.66
591,C.Cl.Cl.F.F.N,C.F,0.56
592,C.C.C.Cl.Cl.Cl.N.N.O.O,C.C.Cl.Cl.F.N,0.82
593,Br.Br.Br.Br.C.F.N.O.O,Br.C.C.Cl.Cl.Cl.Cl.Cl.O.O,0.75
594,C.Cl.Cl.F.F.O,Br.C.N,0.98
595,C.C.C.C.C.F.F.F.F,Br.Br.C.C.N,0.54
596,Br.C.C.Cl.F.N.O.O,Br.Br.C.C.N,0.91
597,Br.C.C.C.C.C.C.N,C.C.Cl.Cl.F.F.O,0.78
598,Br.C.C.Cl.Cl.Cl.Cl.O,C.N,0.65
599,Br.Br.C.Cl.Cl.F.F.N.O.O,C.C,0.94
600,C.C.C.F.F.O.O.O.O.O,Br.C.C.C.F,0.67
601,Br.Br.C.Cl.F.F.N,Br.Br.Br.C.C.C.O,0.84
602,Br.C.N.N,C.F.N.O,0.81
603,Br.C.Cl.F.N.O.O.O,Br.C.C.Cl.N.N.N.O.O,0.94
604,Br.Br.Br.C.C.Cl.F.F.F.F,C.Cl.Cl,0.74
605,C.C.Cl.N.O,C.C,0.74
606,Br.Br.Br.C.F,C.C.C.F.N.N,0.7
607,C.F.N.N,C.Cl.N,0.73
608,C.C.C.N.N.N.N.O,Br.Br.C.C.C.C.F.O.O.O,0.58
609,C.Cl.F.F.N,C.C.C.C.F.F.N.O,0.87
610,Br.Br.Br.C.C.F.N.N,Br.Br.C.C.C.F.F.N.N.O,0.54
611,C.Cl.F.F.F.N.O,C.C.C.Cl.Cl.Cl.F.N,0.62
612,C.C.C.Cl.Cl.F.F.N.N.O,Br.C.Cl.F.F.F.F.N.O,0.85
613,C.C.Cl.F,C.N,0.77
614,Br.Br.Br.C.C.C.F.N,C.C.Cl.F.N.N.N.O.O,0.94
615,C.C.Cl.Cl.F.N.O,Br.C.C.C.F.F.F.F.N.N,0.69
616,Br.Br.C.F,C.F.F.N.O,0.64
617,C.O,Br.C,0.57
618,C.Cl.Cl.F.O.O,Br.C.C.Cl.F.F,0.83
619,Br.C.C.N,Br.C.F.F.F.N.N.O.O,0.94
620,C.F.N,Br.C.Cl,0.78
621,Br.C.C.Cl.F.F.O.O.O.O,C.C.C.Cl.F.F.N.N.O,0.66
622,C.Cl.F.N,C.F,0.63
623,Br.C,Br.C.C.C.Cl.Cl.F.O,0.69
624,C.F,Br.C.Cl.Cl,0.6
625,Br.C.C.C.Cl.N.N.O.O,Br.C.Cl.F,0.78
626,Br.Br.C.Cl.Cl.Cl.N.O,C.Cl.F,0.55
627,Br.C.C.F,Br.C.C.C.C.Cl.Cl,0.98
628,C.N.N.N.N,Br.C.N,0.55
629,C.N.O,C.C.Cl.Cl.O,0.52
630,Br.Br.C.C.F.N.O.O,Br.Br.C.C.C.C.Cl.Cl.N.N,0.77
631,C.F.N,C.C.Cl.F,0.52
632,Br.Br.C.C.N.O,C.C.Cl.Cl.Cl.F.N,0.84
633,Br.Br.Br.C.Cl.Cl.O.O,Br.Br.C.F.N,0.65
634,C.O,C.F,0.85
635,Br.C,Br.C.C.Cl.F.N.N.N.O.O,0.95
636,C.C.Cl.Cl.Cl.F.F.N.N.N,C.C.Cl.F.F.N.O.O.O,0.94
637,C.O,Br.C.Cl.F.F.N.O,0.59
638,C.C.C.F.N.N,C.C.C.Cl.F.F.O.O,0.64
639,Br.C.F.O,Br.Br.C.C.C.C.F.N.O.O,0.73
640,C.C.C.Cl.Cl.F.F.N.O,C.C,0.71
641,Br.C.C.Cl.Cl.N.N.N.O.O,Br.Br.Br.C.C.Cl.F.F.N.N,0.58
642,Br.C.F,C.C,0.73
643,C.N,Br.C.C.F.F.F.O.O.O,0.68
644,C.C.C.C.Cl.Cl.F,Br.C.C.C.Cl.Cl.O,0.93
645,Br.C.C.C.Cl.N.N.O.O.O,Br.C.C.Cl.F.F,0.55
646,Br.C.C.C,C.Cl.F.N.N,0.68
647,Br.Br.Br.Br.C.C.C.F.O,Br.C.C,0.55
648,C.F,Br.C.C.O,0.63
649,Br.Br.C.Cl.F.F,C.C.Cl.O,0.92
650,C.F,C.C.O,0.52
651,C.C.Cl.N.N.O.O,Br.C.F.N.N,0.57
652,Br.C.Cl.O.O,Br.Br.Br.Br.Br.C.C.F.N.O,0.9
653,C.F.N.O.O,C.F.F.O.O,0.98
654,Br.C.N.O.O,Br.C.C.C.Cl.Cl.F.O,0.89
655,Br.Br.C.C.F.O.O,C.C.Cl.Cl.Cl.O,0.8
656,C.F.N.O,Br.Br.C.C.F.N.N.N.O,0.88
657,Br.Br.C.C.Cl.F.F.F.N.O,C.Cl.F.F.F.F.N,0.83
658,C.C.C.Cl,C.C.C.N.N,0.68
659,Br.C.Cl.F.N.N.N.O.O,Br.C.Cl.Cl.F.N.O,0.81
660,C.C.C.C.Cl.O.O.O,Br.C.O,0.67
661,C.C.F.F.N.O,C.Cl.Cl.N,0.5
662,C.C.N,C.N,0.92
663,Br.C.C.Cl.F.F.N.O,C.F,0.84
664,Br.C.C.Cl.Cl.Cl.Cl.F.O,C.C.C.C.Cl.Cl.N.N,0.79
665,Br.C.Cl.Cl.F.O.O,Br.C.N.O,0.54
666,Br.Br.C.C.N.O.O,Br.C.C.F.N,0.57
667,C.Cl.F.F.F.N.N.N.O,Br.Br.Br.Br.C.C.C.Cl.F.O,0.87
668,Br.C.C.Cl.F.F.N.O.O,Br.C.Cl.Cl.F.N.N.O.O,0.81
669,Br.Br.C.Cl.N.O,C.C.F.O,0.87
670,Br.C.C.Cl.Cl.Cl,Br.C.Cl,0.96
671,C.C.C.F,Br.C.C.F.F.O,0.81
672,Br.C.C.C.Cl,C.F.F.O,0.77
673,C.N,C.O,0.89
674,C.C.Cl.F.F.O,Br.Br.Br.Br.C.Cl.N.O,0.99
675,Br.C.C.Cl.Cl.F.O,Br.Br.C.C.C.F,0.51
676,C.C.Cl.N,C.F.N.N,0.58
677,C.C.Cl,Br.C.Cl.F,0.93
678,C.C.N.N.O,C.C.C.N,0.69
679,C.F.N.N,C.C.C.Cl.N.N.O.O,0.76
680,C.Cl,Br.C.Cl.Cl.Cl.F.N.O,0.5
681,Br.C.C.F,Br.C.F.F.N,0.97
682,C.C.F.O.O,C.N,0.88
683,Br.Br.C.Cl.Cl.Cl.Cl.F.F,Br.C.Cl.F.F.N.N.N.O,0.96
684,Br.Br.C.F.N.O,C.C.F.F.F.N,0.87
685,C.C.C.Cl.O.O,C.C.Cl.Cl.F.F.F.N.N.O,0.7
686,Br.C.C.C.Cl.F.N.N,C.C.Cl.N,0.63
687,C.Cl.Cl.N.O.O.O,Br.C.C.F.F.F.N.N.O,0.94
688,Br.C.C.Cl.F,C.Cl.N,0.81
689,C.C.Cl.Cl.F.N.N,Br.Br.C.C.F.F.O,0.94
690,C.Cl.N.N,C.C.Cl.Cl.F.F.F.O,0.81
691,Br.C.C.C.C.Cl.F.F.N.O,C.C.C.F.N.O,0.72
692,C.Cl,Br.C.C.Cl.Cl.F.N.N.O,0.55
693,Br.C.C.C.C.Cl.Cl.O,Br.C.C.Cl.Cl,0.75
694,C.C.Cl,Br.C.C.Cl.O.O.O,0.7
695,C.N.O,Br.C.C.Cl.F.N.N.N.O.O,0.6
696,Br.C.C.C.F.O,Br.C.C.C.F,0.51
697,Br.C.Cl.F.N.O,C.C.F.N.O.O,0.58
698,C.C.C.Cl.Cl.Cl.F.N,Br.C.C.C.C.F.O.O.O.O,0.57
699,Br.Br.C.F.F.N.N.O.O,Br.C.C.Cl.Cl.N.O.O,0.96
700,C.N.O.O,Br.C.F,0.76
701,C.C.Cl.Cl.O,Br.Br.C.C.Cl.F.F.N,0.65
702,Br.C.C.Cl.Cl.F.N.O,C.C.C.Cl.F.N.O.O.O,0.63
703,Br.C,C.C.Cl.F.O,0.96
704,Br.C.C.N,C.C.C.Cl.Cl.Cl.F.N.O.O,0.82
705,Br.Br.C.C.C.Cl.F.F,C.C.F.N.O.O,0.66
706,Br.Br.C.Cl.Cl.Cl.N.N.N,Br.C.F.N,0.89
707,Br.C.C.C.C.Cl.F,Br.C.F.N,0.82
708,C.C.C.Cl.N.N.N.O,Br.Br.C.C.C.C.Cl.Cl.N.O,0.58
709,Br.Br.C.C.C.Cl.F.O,Br.C.Cl.N.O.O,0.93
710,C.C.C.F.F.F,Br.Br.Br.C.C.Cl.F.F.N.O,0.72
711,Br.C.N.N.O.O,C.Cl.N,0.71
712,Br.Br.Br.Br.C.C.C.Cl.N.O,Br.C.N,0.65
713,C.N.N,C.C.Cl.Cl.Cl.N.O,0.72
714,C.C.Cl.F.O.O,C.C,0.5
715,C.C.Cl.F.N.O.O,C.C.O,0.61
716,Br.C.C.C.N.O,Br.Br.C.Cl.O,0.72
717,C.O,Br.Br.C.C.C.Cl.F.O.O,0.9
718,Br.C.C.Cl.F.N.N.N,Br.C.C.C.Cl.F.N.N.O.O,0.96
719,C.Cl.F.F.N.N.O,C.O,0.74
720,C.N.O,Br.Br.Br.C.C.F.F.N.N,0.97
721,Br.C.C.C.C.Cl.Cl.F.N,Br.Br.Br.C,0.85
722,C.Cl,Br.C.C.F.F.F.N.O,0.84
723,C.C.N.O,Br.C.Cl.F.N.N.O.O,0.69
724,C.Cl,C.C.Cl.N.N.O,0.76
725,Br.C.F.F.N.O.O,Br.C.C.Cl.Cl.F.F.N.O,0.87
726,Br.C.C.Cl.Cl.Cl.F.F.F,C.C.F.N,0.93
727,Br.Br.C.C.Cl.Cl.N.N.N,Br.Br.C.C.Cl.N.N.O.O,0.6
728,Br.C.C.Cl.F.N.N.N.O,C.C.Cl.Cl.F.N.N.N.O,0.51
729,C.F,Br.Br.C.F.N.N.N,0.97
730,Br.C.N.O.O,Br.C.C.F.N.N,0.53
731,C.N,C.C.C.Cl.F.O,0.86
732,C.O,C.C.F,0.94
733,C.C.Cl.Cl.O,C.F.N,0.5
734,Br.Br.C.N.N,Br.Br.C.C.Cl.Cl.F.F.O,0.51
735,Br.Br.Br.C.Cl.Cl.F.O.O,Br.C.C.C.C.F.N.O,0.99
736,Br.C.O.O,Br.C.C,0.87
737,C.C.F.F.N,Br.C.F.F.O,0.94
738,Br.C.C.C.Cl.Cl,Br.C.C.C.C.N.N.O,0.96
739,C.C.N,C.C.C.Cl.F.N.N.O.O,0.63
740,C.Cl.O.O,C.F.O,0.54
741,C.Cl.F.N,C.C.Cl.Cl.F.O.O,0.97
742,Br.C.F.F.F.N.N.O,Br.C.Cl.F,0.97
743,C.C.Cl.Cl.F.F.F.O,C.C,0.86
744,Br.Br.Br.C.F.F.O,C.C.C.F.N.N,0.65
745,C.F,C.C.Cl.O,0.53
746,C.C.F,Br.C.Cl.Cl.O.O,0.82
747,C.F.O,Br.Br.Br.C.F,0.82
748,Br.C.Cl.F.N.N.N.O.O.O,Br.Br.C.Cl.N.O,0.86
749,C.C.C.C.Cl.F.F.O,Br.C.Cl.F.F.F.N.N,0.9
750,C.C.Cl.F.N.N.O.O,C.F.N.N.N.O,0.65
751,Br.C.Cl.F.N.N.N.N.O.O,C.C.C.Cl.F.N.N.O,0.59
752,C.C.C.N,Br.C.C.F.N.N.O.O.O.O,0.75
753,C.C.C.Cl.F.N.N.N.N.O,C.C.C.F.F.N.O.O,0.94
754,Br.C.C.Cl.F.N,Br.Br.C.C.N.O,0.78
755,C.C.Cl.N.N.O,Br.C.C.Cl.Cl.Cl.N.N.N.O,0.51
756,C.Cl.F.F.F,C.C.Cl.F.N.O,0.95
757,Br.C.C.O.O,Br.Br.C.C.C.Cl.Cl.F.F.O,0.84
758,Br.C.C.Cl.Cl.Cl.F.N.O.O,C.C.Cl.Cl.Cl.F.O,0.62
759,C.C.Cl.Cl.Cl.F.F,Br.C.C.Cl.Cl.F.O,0.62
760,Br.Br.C.Cl.N.O.O.O,Br.Br.C.Cl.N.N.O.O.O.O,0.99
761,C.C.O,Br.Br.C.C.F,0.81
762,Br.C.C.Cl.Cl.F.F.N.O,C.Cl.Cl.N.N.O,0.67
763,C.C.Cl,Br.C.C.Cl.Cl.F.O,0.77
764,Br.C,C.C.C.Cl.Cl.Cl.N.O,0.67
765,C.O,Br.Br.Br.Br.C.Cl.F,0.91
766,Br.C.C.Cl.F.O,C.C.C.C.N.O.O.O.O,0.77
767,Br.C,Br.C.Cl.F.F.F.F.N.O,0.96
768,C.C,C.Cl.N,0.59
769,C.C.F.F.F.N.N.O,C.Cl.O,0.57
770,Br.Br.C.C.C.Cl.Cl.N.O.O,Br.C.C,0.72
771,Br.C.C.C,Br.C.C.O,0.99
772,C.N,Br.Br.Br.C.C.O,0.84
773,C.C.Cl.F.N.N.O.O.O,C.C.F.F.N.N.O.O,0.77
774,Br.Br.C.Cl.Cl.F.O,Br.C.C.Cl.F,0.69
775,Br.C.C.Cl.Cl.F.N.O,Br.C.C.C.F.F.N.N.O.O,0.54
776,C.C.N,C.O,0.72
777,C.O,Br.C.C.F.N.N.N,0.72
778,C.F,Br.Br.C.Cl.Cl.Cl.Cl.N.N,0.99
779,Br.C.C.Cl.Cl.Cl.Cl.F.F.F,C.C.C.Cl.F.F.F.N,0.91
780,Br.C.C.Cl.Cl.F.F.N,Br.Br.Br.C.Cl.Cl.F.N.N.N,0.95
781,Br.C.C.C.Cl.Cl.N.O,C.C.Cl.F.N.O.O.O.O,0.99
782,Br.C.C,C.C.C.C.Cl.O.O.O,1.0
783,Br.C.Cl.Cl,C.C.Cl.Cl.F.F.F.O,0.77
784,C.C.N.O,Br.C.O,0.94
785,Br.C.Cl.Cl.F.F.O.O,Br.C.Cl.N,0.61
786,Br.C.C.Cl.Cl.Cl.Cl.F.F.O,C.Cl.F.O,0.95
787,Br.C.C.C.F,Br.C,0.82
788,C.Cl.N.N,Br.C,0.86
789,Br.C.C.F.N.N,Br.Br.Br.C.C.O,0.64
790,Br.C.C.Cl.Cl.F.F.N.O.O,C.N.O.O.O,0.86
791,Br.Br.Br.C.C.Cl.Cl.O,C.C.C.C.Cl.N,0.86
792,Br.Br.C.Cl.Cl.N.N.O.O.O,Br.Br.Br.Br.C.Cl.Cl.O,0.53
793,Br.C.C.F.O.O,Br.Br.C.F.N.N,0.59
794,Br.Br.C.F.F.F.N.O,C.F.F.N.N.O.O,0.51
795,Br.C.C.Cl.F.F.N.O.O,C.C.N.O,0.53
796,Br.Br.C.Cl.F.N.N.O,C.Cl,0.67
797,C.Cl,Br.Br.C.C.Cl.Cl.O.O.O,0.94
798,C.C.C.C.N,Br.Br.C.C.C.C.F.F.N.O,0.76
799,Br.C.F.O,C.C.F,0.88
800,Br.C.C.Cl.Cl.Cl.F.F.N.O,C.Cl.Cl.F.N.N.O,0.63
801,C.C.Cl.F.O.O.O.O,Br.Br.C.C.F.F.N.O.O.O,0.66
802,Br.C.C.Cl.F.O.O.O,Br.C.N.N.O,0.58
803,Br.C.F,Br.C.C.Cl.Cl.F.F.N.N.O,0.69
804,Br.C.C.Cl.Cl.Cl.F.O,C.C.N.O,0.88
805,Br.Br.C.C.F.N.N.O.O.O,Br.C.C.C.Cl.F.N,0.99
806,C.C.F.F.N.O.O,C.C.C.Cl,0.52
807,Br.C.C.N,Br.Br.Br.C.C,0.82
808,C.Cl.Cl,C.C.C.Cl.Cl.F.N.O,0.52
809,C.F.O,Br.C.Cl.O.O,0.61
810,C.C.Cl.N.O.O,C.Cl.F.O,0.88
811,Br.C.Cl.F.F.F.N.O.O.O,C.C.Cl.O.O,0.95
812,Br.Br.C.C.Cl.Cl.N.N,C.C.O.O,0.79
813,Br.Br.C.F.N.N,Br.Br.Br.C.C.F.N.N.O.O,0.59
814,C.C.Cl.F.N.O,Br.Br.C.C.C.Cl.F.O.O,0.97
815,C.Cl.F,C.C.Cl.F.N,0.84
816,Br.Br.C.F.F.F.O,C.C.Cl.N.O,0.56
817,Br.C.N.N.O,C.Cl.F.N.O,0.98
818,Br.C.F.N.O,Br.Br.C.N.N.O.O,0.68
819,Br.Br.C.Cl.F.F.F.N.O,C.N,0.8
820,C.Cl.F.F.O.O,C.F.F.F.N.N.N,0.91
821,Br.Br.C.Cl.F.O,C.C,0.58
822,Br.C.Cl.N,Br.C.Cl.O,0.74
823,Br.C.F.F.F.O,C.Cl.F.N.O.O,0.78
824,C.O.O,C.C,0.68
825,Br.C.C.Cl.Cl.F.N.N.N,C.Cl.N.N.N.O.O,0.61
826,C.C.C.C.F.F.N.O,Br.C.C.C.C.Cl.Cl.O.O.O,0.63
827,Br.C.C.C.C.N.N.O.O.O,Br.C,0.59
828,Br.C.C,C.O,0.67
829,Br.C.C.C.F.N.N,Br.C.C.F.N.N,0.74
830,Br.C.C.N.O,Br.C.Cl.F,0.89
831,C.F.N,C.O,0.83
832,Br.Br.Br.C.C,Br.C.C.Cl.Cl.Cl.O,0.67
833,C.O,Br.C.F.N.N.N,0.53
834,C.Cl.O,C.C.C.Cl.F.F.F.F.N,0.61
835,C.Cl.F.O,C.C.F.F.F,0.76
836,Br.C,Br.Br.C.C.C.C.Cl.F,0.71
837,Br.C.O.O,C.F,0.83
838,C.C.C.Cl.N,C.F,0.83
839,Br.Br.C.Cl.Cl.N.O,C.O.O,0.53
840,Br.C.C.C.Cl.Cl.F.F.F,Br.Br.Br.Br.C.C.N.O,0.63
841,Br.C,Br.Br.C.Cl.F.F.O,0.73
842,Br.Br.C.F.N.O.O.O,Br.Br.C.C.Cl.Cl.Cl.Cl.Cl.F,0.76
843,Br.Br.C.C.C.N,Br.Br.C.C.C.F.O.O,0.63
844,Br.Br.C.Cl.Cl.Cl.Cl.O,Br.C.C.Cl.Cl.N.N,0.89
845,Br.Br.C.C.F.F.F.F.N.O,C.C.Cl.N.N.O,0.85
846,C.C.F,Br.Br.C.C.F.O.O,0.73
847,C.C.F.O.O,Br.Br.C.N,0.69
848,Br.Br.Br.C.C.F.F.F.O,Br.C.Cl.F.O.O,0.56
849,Br.C.C.Cl.Cl.F.N.O,C.Cl.Cl.Cl.Cl.F.N.O.O,0.82
850,C.C.C,C.C.Cl.F.O,0.92
851,C.C.Cl.Cl.F,Br.Br.C.Cl.N.N.O,0.53
852,Br.C.N.N.O.O.O,Br.Br.C.F,0.91
853,C.Cl.Cl.Cl.N.N.O.O,Br.C.C.C.C.O,0.58
854,C.C.N.O,C.C.F.F.F.O.O,0.61
855,Br.C.Cl.F.F,Br.C.F.N,0.54
856,C.Cl.F.F.F,Br.C,0.78
857,C.Cl.N,Br.C.C.C.C.Cl.Cl.N.O.O,0.96
858,C.C.C.F.O,C.C.Cl.Cl.N.O.O,0.91
859,C.C.F.N.N.O,C.N,0.79
860,Br.C.C.C.F.O,C.C.C.Cl.F.F.N.O.O,0.81
861,C.Cl,Br.Br.C.C.F,0.95
862,Br.Br.Br.C.C.N.N.N.O,Br.Br.C.C.C.N.N.O.O.O,0.55
863,C.C.Cl.Cl,Br.C,0.63
864,Br.C.Cl.Cl.Cl.N.O,C.O,0.54
865,C.C.Cl.Cl.F.F.N.O.O.O,C.C.C.Cl.Cl.F.F.N.O,0.54
866,C.Cl,Br.C.C.Cl.Cl.F.F.F.N.O,0.89
867,Br.Br.C.C.Cl,Br.C.C.Cl.Cl.F.F,0.65
868,C.N.N.N,C.C.F.F.F.N.N.O.O.O,0.51
869,C.C.N.N,C.C.Cl.F,0.71
870,C.C.F,Br.C.C.F.F.O,0.78
871,C.C.F.N.N.N.O.O.O.O,Br.Br.C.Cl.O,0.86
872,C.Cl.Cl.Cl.Cl.F.F.F.F.N,Br.C.C.C.Cl.F.N,0.76
873,Br.C.C.N.N.N.O.O,Br.Br.Br.C.C.F.F.N.N.N,0.86
874,C.F.F,Br.C.C.Cl.Cl.F.N.O,0.82
875,Br.C.C.C.F.N,Br.Br.C.C.Cl.Cl.F.N.O,0.84
876,C.Cl.Cl.O,Br.Br.C.F.N.O,0.7
877,Br.C.Cl.Cl.F.O.O,C.Cl.N.N.O.O.O,0.75
878,C.C.C.C.Cl.O.O.O,Br.C,0.55
879,Br.Br.C.C.C.Cl.N.N,Br.C.F.O,0.76
880,Br.C.Cl.Cl.Cl.Cl.F.F.N.N,Br.C.C.C.Cl.Cl.Cl.Cl.O.O,0.95
881,C.C.C.Cl.N.N.O.O,Br.C.C.Cl.Cl.Cl.F.F.N,0.86
882,Br.C.C.C.O.O,Br.Br.C.C.N.O.O,0.51
883,Br.C.C.Cl,Br.C.C.F.N.O.O,0.51
884,C.C.F.F.N.N,C.C.N.N,0.57
885,Br.Br.C.Cl,C.C.Cl.N,0.86
886,Br.C.C.C.Cl.Cl.Cl.F.F.F,C.F.N.N.O.O.O,0.78
887,C.Cl.F.F,C.C.C.C.Cl.Cl.F.O.O,0.75
888,Br.C.C.Cl.Cl.F.F.F.N.O,C.F,0.58
889,Br.Br.C.C.Cl.N,C.C.Cl.F.O,0.85
890,C.C.C.C.Cl.F.F.N,Br.Br.C.Cl,0.9
891,Br.Br.Br.C.C.C.C.Cl.N,C.Cl.N.O.O,0.89
892,C.N,C.C.N.N,0.56
893,Br.Br.C.C.Cl.Cl.N,C.C.Cl.F.F.N.O,0.51
894,C.Cl.Cl.Cl.F.F.N,Br.Br.C.C.C.Cl.F.N.O,0.82
895,C.Cl,Br.C.F.F,0.95
896,Br.Br.C.C.C.C.F.F.F.N,Br.Br.Br.C.C.Cl.Cl.F.N,0.66
897,C.N,Br.C.C.Cl.N.O,0.97
898,Br.Br.Br.C.O,C.C.C.F.F.F.F.F.F.N,0.84
899,C.C.C.F.O,Br.C.C,0.84
900,Br.C.Cl.F.F.O,C.C.F.F.N.N.O,0.83
901,Br.C.C.Cl.O.O,Br.Br.C,0.94
902,Br.C.C.F.F.F.O,Br.Br.C.C.C.Cl.F.N,0.54
903,Br.Br.Br.C.C.Cl.Cl.F.F,C.C.Cl.F.O.O.O,0.51
904,C.F,Br.C.Cl.Cl.N,0.61
905,Br.Br.Br.C.Cl.F.N.O,Br.Br.C.F.O,0.51
906,Br.C.Cl.Cl.F.F.N.N.N.O,C.C.C.C.Cl.N.N,0.99
907,Br.C.C.C.F.F.N.N.O.O,Br.C.C.Cl.F.F,0.86
908,C.C.C.C.Cl.F.F.N.O.O,Br.C.C.Cl.F.O,0.7
909,C.Cl.N.O,Br.C.C.F.F.N.N.O,0.78
910,C.C,C.C.N.N.O.O,0.68
911,C.Cl.O,Br.C,0.6
912,C.N.N.O,Br.Br.C.C.Cl.Cl.N,0.89
913,C.C.Cl.O.O,Br.C.F.N,0.94
914,Br.C.C,C.C.Cl.N.O,0.55
915,Br.C,Br.Br.C.N,0.73
916,Br.C.C.Cl.Cl.N.N.O,C.Cl.Cl.N,0.57
917,C.C.Cl,C.C.F.F.N,0.53
918,C.C.Cl.Cl.F.O.O,Br.Br.Br.Br.C.C.F.F.F.O,0.93
919,Br.Br.C.F.N.O,Br.C.F.F.O,0.93
920,Br.C.C.C.C.C.Cl.Cl.O,C.Cl.F.O.O.O.O,0.67
921,Br.C.F.F.N.O.O,C.Cl.Cl.F.O,0.6
922,C.F.N.N.N.O,C.Cl,0.56
923,Br.C.C.Cl.F.N.O.O,C.O.O,0.73
924,Br.C.C.F.F.F.N.O,Br.C.C.C.Cl.Cl.F,0.61
925,C.C.C.C.F.F.O,C.C.Cl.F.F.F.F.N,1.0
926,C.C.F,Br.Br.Br.C.C.F.F.N.N.O,0.79
927,Br.C.Cl.Cl.F.F.F.N.O,Br.C,0.85
928,Br.Br.C.C.Cl.N,C.O,0.58
929,Br.Br.C.Cl.N.O,C.F,0.96
930,Br.Br.C.F.F.N.O,Br.C.Cl.Cl.F.O,0.54
931,C.C.C.Cl.F.N,Br.C.F.N.O,0.79
932,Br.Br.C.C.F.N.O,Br.C.Cl,0.81
933,Br.C,Br.C.N.N.N,0.57
934,C.O,Br.C.N,0.83
935,C.Cl,C.C.O,0.75
936,Br.C.C.Cl.Cl.F.O.O.O,C.F,0.65
937,Br.C.Cl.Cl.F.F.N.N.O,Br.C.C.N,0.5
938,Br.Br.Br.C.Cl.Cl.F.N.O,C.C.C.C.Cl.F.F.N.O,0.86
939,C.C.Cl.F.F.O,C.C.F.O,0.63
940,C.C.Cl.F.O.O,Br.C.N,0.81
941,C.Cl.F.F.F.N.N.O,Br.C.C.C.C.F.N.O,0.51
942,Br.C.C.C.C.C.Cl.N.N,C.C.Cl.Cl.F.N.O.O,0.83
943,Br.C.C.C.F,Br.C.Cl.N.N.N.N,0.84
944,Br.Br.C.C,Br.C.C.N.N.O.O,0.81
945,Br.Br.Br.C.C.N,Br.C.C.Cl.Cl.Cl.N.N.N.N,0.9
946,Br.Br.C.C.C.C.C.Cl.Cl.Cl,Br.Br.C.Cl.Cl.Cl.F.F.F.O,0.51
947,Br.C.C.C.Cl.Cl.F.F,C.C.F.O.O.O,0.59
948,C.F,Br.C.C.F.F.N,0.95
949,C.F.N,Br.C.C.Cl.F.F.F.N.N,0.89
950,C.Cl.F.F.N.N.N.O,C.C.C.C.F,0.67
951,Br.Br.Br.C.C.Cl.F.N.N.O,C.F.N.N,0.84
952,C.C.C.C.Cl.F.F.N.N.O,C.Cl.F.F.O.O,0.72
953,Br.Br.C.C.Cl.Cl.N.N,Br.C.C.C.Cl.Cl.F.F.O.O,0.87
954,Br.Br.C,C.O.O,0.5
955,Br.C.N.N.N.O,Br.C.F.N,0.78
956,Br.Br.C.F.O.O,Br.Br.Br.C.C.Cl.Cl.Cl,0.91
957,C.F,Br.Br.C.C.Cl.O.O.O,0.72
958,Br.C.Cl.Cl.F.N,Br.C.C.Cl.Cl.N.N.O,0.71
959,Br.Br.C.C.Cl.F.N,Br.C.O,0.76
960,Br.C.F.O.O,C.C.N,0.85
961,Br.C.C.Cl.Cl.F.F.F.N.O,Br.C.C.C.F.F,0.97
962,C.C.Cl.Cl.Cl.F,Br.C.N.O,0.95
963,Br.C.C.C.Cl.F.N.O.O.O,Br.Br.C.C.C.C.F.N.O.O,0.91
964,C.F,Br.C.C.Cl.Cl.N.N.O.O.O,0.82
965,C.C.C.C.Cl.F.N.N.O.O,Br.Br.C.C.F.F.N.N.O,0.9
966,Br.C.C.Cl.Cl.F.N.N.N.O,Br.Br.C.C.C.C.F.O,0.81
967,Br.C.C.Cl.F.N.N,Br.C.C.Cl.Cl.F.N.O.O.O,0.84
968,Br.C.C.Cl.F.N,C.Cl,0.9
969,C.C.Cl.F,Br.Br.Br.C.F.N.N.O.O,0.66
970,C.Cl,Br.C.F.O,0.92
971,C.C.C.Cl.N.O.O,C.Cl.F.F.O,0.99
972,C.C.Cl.N.O.O,C.C.C.Cl.F.F,0.89
973,C.C.Cl.N,Br.Br.C.F.N.N,0.65
974,Br.C.C.Cl.Cl.O.O,Br.C.C.C.Cl.Cl.O,0.88
975,Br.C.C.C.Cl.F.O,Br.Br.C.C.Cl.N,0.79
976,C.C.F.N.O,Br.C.C.C.Cl,0.59
977,Br.Br.C.Cl.Cl.Cl.F.F.O,Br.C.C.Cl.Cl.Cl.Cl.F,0.65
978,Br.C.C.Cl.Cl.Cl.F,C.C,0.96
979,Br.C.F.N,Br.Br.C.C.Cl.Cl.Cl.Cl.F,0.84
980,Br.C.F.F.N.N.O,Br.Br.C.C.Cl.Cl.F.O.O,0.86
981,C.O,Br.C.C.F.N.O,0.54
982,C.C.C.Cl.Cl.Cl.O.O.O.O,Br.C.F.O,0.51
983,Br.C.C.C.Cl.Cl.F.N.O,C.C.Cl.N,0.62
984,Br.Br.C.N.N.N.N,C.Cl,0.91
985,Br.Br.C.C.C.C.N.O.O,C.N,0.55
986,Br.Br.C.C.C.F.O.O,Br.Br.C.Cl.Cl.F.F.N.O,0.77
987,Br.C.F.N.N.N.O,Br.C.C.C.Cl.Cl.F.O.O,0.66
988,Br.C.C.C.Cl.F.F.O.O,Br.C.N.N.N.O.O,0.77
989,Br.Br.C.F.F.N.N.O.O.O,C.N.N,0.64
990,C.Cl.F.N.N.O.O.O,C.N.N.O,0.92
991,C.C.C.Cl.Cl.F.O,C.Cl.F.F,0.71
992,Br.Br.C.C.Cl.Cl.Cl.N.O,C.F.O,0.76
993,C.C.C.Cl.Cl.F.F.F.N.N,Br.C.C.C.Cl.Cl.O.O,0.58
994,C.C.F.F,C.F.O,0.92
995,C.C.Cl.N.O.O,C.C.Cl.F.F.N.O.O.O,0.9
996,C.C.C.Cl.F.F.F.N.O.O,C.C.F,0.83
997,C.C.C.C.Cl.F.F,C.Cl.O,0.71
998,Br.C.C.Cl.F.N,C.Cl.Cl.Cl.F.F,0.67
999,Br.C.O,C.Cl.Cl.F.N.N.N.N,0.9
999,C.O.O,C.C.Cl.N.N.N,0.81
